id_left,id_right,name_sim,industry_exact,city_exact,company_name_left,industry_left,headquarters_city_left,company_name_right,industry_right,headquarters_city_right,normalized_pair
735,573,0.8487299465240642,0,0,Fortis Hospitals,Healthcare / Pharma,,Fortis Healthcare,Healthcare,,"('fortis healthcare', 'fortis hospitals')"
2445,694,0.8584615384615384,0,0,Johnson Matthey,Chemicals,,Johnson Lifts,Industrial Machinery,,"('johnson lifts', 'johnson matthey')"
2996,25,0.8685314685314686,0,0,Tata Metaliks,Iron & Steel,,Tata Motors,Automobile,,"('tata metaliks', 'tata motors')"
2999,25,0.8685314685314686,0,0,Tata Metaliks,Iron & Steel,,Tata Motors,Automobile,,"('tata metaliks', 'tata motors')"
5109,344,0.8507070707070707,0,0,Mahindra Retail,Retail,,Mahindra Logistics,Other,,"('mahindra logistics', 'mahindra retail')"
7888,1551,0.8571428571428571,0,0,Piramal Realty,Real Estate,,Piramal Pharma,Pharma,,"('piramal pharma', 'piramal realty')"
8946,3600,0.8588461538461538,0,0,Balaji Telefilms,Media & Entertainment,,Balaji Wafers,Food Processing,,"('balaji telefilms', 'balaji wafers')"
10564,2373,0.8678571428571429,0,0,Unite Us,Health,New York,Unitech,Real Estate,,"('unite us', 'unitech')"
11095,10871,0.9058823529411764,0,1,Indigo Ag Careers,Food & Beverages,Boston,Indigo Ag,Artificial intelligence,Boston,"('indigo ag', 'indigo ag careers')"
11461,11039,0.8933333333333334,0,1,Alchemy Careers,Computer Software,San Francisco,Alchemy,Fintech,San Francisco,"('alchemy', 'alchemy careers')"
11585,2221,0.8933333333333334,0,0,Katerra Careers,Construction,Menlo Park,Katerra,Engineering & Construction,,"('katerra', 'katerra careers')"
11802,3727,0.9058823529411764,0,0,Qualitest Careers,Information Technology & Services,London,Qualitest,IT Services & Consulting,,"('qualitest', 'qualitest careers')"
11956,120,0.8933333333333334,0,0,Cummins Careers,Automotive,Columbus,Cummins,Automobile,,"('cummins', 'cummins careers')"
12551,11956,0.8933333333333334,0,0,Cummins,,,Cummins Careers,Automotive,Columbus,"('cummins', 'cummins careers')"
12758,2996,0.8685314685314686,0,0,Tata Motors,,,Tata Metaliks,Iron & Steel,,"('tata metaliks', 'tata motors')"
12758,2999,0.8685314685314686,0,0,Tata Motors,,,Tata Metaliks,Iron & Steel,,"('tata metaliks', 'tata motors')"
13302,10308,0.8666666666666666,0,0,Copart,,,Copado,Data management & analytics,Chicago,"('copado', 'copart')"
13697,11320,0.8933333333333334,0,0,Twitter,,,Twitter Careers,Internet,San Francisco,"('twitter', 'twitter careers')"
13775,1154,0.8614141414141414,0,0,Adani Total Gas,,,Adani Solar,Power,,"('adani solar', 'adani total gas')"
13777,694,0.8584615384615384,0,0,Johnson Matthey,,,Johnson Lifts,Industrial Machinery,,"('johnson lifts', 'johnson matthey')"
13890,627,0.8875,0,0,Kyndryl Holdings,,,Kyndryl,IT Services & Consulting,,"('kyndryl', 'kyndryl holdings')"
16458,39,0.8678571428571429,0,0,Ericpol,Technology,,Ericsson,Telecom,,"('ericpol', 'ericsson')"
16458,12450,0.8678571428571429,0,0,Ericpol,Technology,,Ericsson,,,"('ericpol', 'ericsson')"
16494,9897,0.8476190476190476,0,0,Optimus S.A.,Technology,,Optimus Pharma,Healthcare / Pharma,,"('optimus pharma', 'optimus s.a.')"
16923,16458,0.8678571428571429,1,0,Ericsson,Technology,,Ericpol,Technology,,"('ericpol', 'ericsson')"
17040,7483,0.9,0,0,Pharmacia,Health care,,Pharmaceutical job,Pharma,,"('pharmaceutical job', 'pharmacia')"
17040,7512,0.9,0,0,Pharmacia,Health care,,Pharmaceutical job,Pharma,,"('pharmaceutical job', 'pharmacia')"
17200,11320,0.8933333333333334,0,0,Twitter,Social Networking Site,,Twitter Careers,Internet,San Francisco,"('twitter', 'twitter careers')"
17441,8741,0.8533333333333333,0,0,Pokka,Beverage,,Pokarna,Building Material,,"('pokarna', 'pokka')"
17453,12248,0.890909090909091,0,0,Midea,White Goods,,Midea Group,,,"('midea', 'midea group')"
17568,35,0.8923076923076924,0,0,Maruti,Car/Automobile,,Maruti Suzuki,Automobile,,"('maruti', 'maruti suzuki')"
18458,12248,0.890909090909091,0,0,Midea,"['Home & Kitchen Appliances', 'Manufacturing']",,Midea Group,,,"('midea', 'midea group')"
18466,1154,0.8614141414141414,0,0,Adani Total Gas,"['Energy', 'Oil&Gas', 'Utility companies']",,Adani Solar,Power,,"('adani solar', 'adani total gas')"
18612,11956,0.8933333333333334,0,0,Cummins,"['Machinery manufacturing', 'Manufacturing']",,Cummins Careers,Automotive,Columbus,"('cummins', 'cummins careers')"
18656,10308,0.8666666666666666,0,0,Copart,"['Internet', 'Used car retailer', 'E-Commerce', 'Car retail']",,Copado,Data management & analytics,Chicago,"('copado', 'copart')"
18937,16458,0.8678571428571429,0,0,Ericsson,"['Telecommunications equipment', 'Tech']",,Ericpol,Technology,,"('ericpol', 'ericsson')"
18965,2996,0.8685314685314686,0,0,Tata Motors,['Automakers'],,Tata Metaliks,Iron & Steel,,"('tata metaliks', 'tata motors')"
18965,2999,0.8685314685314686,0,0,Tata Motors,['Automakers'],,Tata Metaliks,Iron & Steel,,"('tata metaliks', 'tata motors')"
19172,17363,0.890909090909091,0,0,Asahi Group,"['Beverages', 'Alcoholic beverages']",,Asahi,Beer,,"('asahi', 'asahi group')"
19316,13281,0.9,0,0,China Gas,"['Oil&Gas', 'Energy']",,China Gas Holdings,,,"('china gas', 'china gas holdings')"
19764,1538,0.8742857142857143,0,0,Easemytrip,"['Online Travel', 'Travel', 'Internet', 'Tech']",,EaseMyTrip.com,Internet,,"('easemytrip', 'easemytrip.com')"
20001,10434,0.8777777777777778,0,0,Sonder Holdings,"['Rental & Leasing Services', 'Real estate', 'Travel']",,SonderMind,Health,Denver,"('sonder holdings', 'sondermind')"
20015,189,0.9,0,0,Gati,['Courier'],,Gati kwe,Logistics,,"('gati', 'gati kwe')"
20119,3600,0.8588461538461538,0,0,Balaji Telefilms,['Entertainment'],,Balaji Wafers,Food Processing,,"('balaji telefilms', 'balaji wafers')"
20589,640,0.853968253968254,0,0,Heritage Insurance,['Insurance'],,Heritage Foods,FMCG,,"('heritage foods', 'heritage insurance')"
20632,10698,0.8709090909090909,0,0,Accelerate Diagnostics,['Diagnostics and Testing'],,Accelerant,Other,Colchester,"('accelerant', 'accelerate diagnostics')"
21154,8661,0.8727142857142857,0,0,American Public Education,['Education'],,American Precoat,Iron & Steel,,"('american precoat', 'american public education')"
21306,18126,0.8597402597402598,0,0,Park Aerospace,['Aerospace'],,Park Avenue,Personal Care/Men’s Shoes,,"('park aerospace', 'park avenue')"
21379,5124,0.8648829431438128,0,0,Marathon Gold,"['Mining', 'Gold mining']",,Marathon Electric India,Semiconductors,,"('marathon electric india', 'marathon gold')"
21591,5109,0.8507070707070707,0,0,Mahindra Logistics,,,Mahindra Retail,Retail,,"('mahindra logistics', 'mahindra retail')"
22257,10446,0.8483333333333334,0,0,Docgo,['Healthcare'],,Dock,Fintech,Sao Paulo,"('docgo', 'dock')"
22476,9632,0.9023931623931624,0,0,Global Partners Lp,"['Oil&Gas', 'Energy']",,Global Payments,FinTech,,"('global partners lp', 'global payments')"
22476,12724,0.9023931623931624,0,0,Global Partners Lp,"['Oil&Gas', 'Energy']",,Global Payments,,,"('global partners lp', 'global payments')"
22476,18773,0.9023931623931624,0,0,Global Partners Lp,"['Oil&Gas', 'Energy']",,Global Payments,"['Financial services', 'Tech']",,"('global partners lp', 'global payments')"
22753,14259,0.85,0,0,Cargojet,"['Airlines', 'Transportation']",,Cargoair,Industrials,,"('cargoair', 'cargojet')"
22875,17481,0.8678571428571429,0,0,Biotest,,,Biotherm,Skincare Product,,"('biotest', 'biotherm')"
22893,7888,0.8571428571428571,0,0,Piramal Pharma,"['Pharmaceuticals', 'Biotech']",,Piramal Realty,Real Estate,,"('piramal pharma', 'piramal realty')"
23424,735,0.8487299465240642,0,0,Fortis Healthcare,['Healthcare'],,Fortis Hospitals,Healthcare / Pharma,,"('fortis healthcare', 'fortis hospitals')"
23505,13890,0.8875,0,0,Kyndryl,['IT services'],,Kyndryl Holdings,,,"('kyndryl', 'kyndryl holdings')"
23926,18139,0.8564102564102564,0,0,Harvey Norman,"['Retail', 'Furniture']",,Harvey Fresh,Fruit Juice,,"('harvey fresh', 'harvey norman')"
23946,3764,0.888,0,0,Weatherford International,"['Energy', 'Oil&Gas']",,Weatherford,Oil & Gas,,"('weatherford', 'weatherford international')"
23964,10908,0.8714285714285714,0,0,Clicks Group,"['Retail', 'Pharmaceuticals', 'Drugstore']",,ClickUp,Internet software & services,San Diego,"('clicks group', 'clickup')"
24258,17453,0.890909090909091,0,0,Midea Group,,,Midea,White Goods,,"('midea', 'midea group')"
24258,18458,0.890909090909091,0,0,Midea Group,,,Midea,"['Home & Kitchen Appliances', 'Manufacturing']",,"('midea', 'midea group')"
24460,16458,0.8678571428571429,0,0,Ericsson,,,Ericpol,Technology,,"('ericpol', 'ericsson')"
24559,11956,0.8933333333333334,0,0,Cummins,,,Cummins Careers,Automotive,Columbus,"('cummins', 'cummins careers')"
24732,22476,0.9023931623931624,0,0,Global Payments,,,Global Partners Lp,"['Oil&Gas', 'Energy']",,"('global partners lp', 'global payments')"
24766,2996,0.8685314685314686,0,0,Tata Motors,,,Tata Metaliks,Iron & Steel,,"('tata metaliks', 'tata motors')"
24766,2999,0.8685314685314686,0,0,Tata Motors,,,Tata Metaliks,Iron & Steel,,"('tata metaliks', 'tata motors')"
25221,4152,0.87,0,0,Razor Labs,,Tel Aviv,Razorpay,Financial Services,,"('razor labs', 'razorpay')"
25221,4179,0.87,0,0,Razor Labs,,Tel Aviv,Razorpay,Financial Services,,"('razor labs', 'razorpay')"
25221,11034,0.87,0,0,Razor Labs,,Tel Aviv,Razorpay,Fintech,Bengaluru,"('razor labs', 'razorpay')"
25408,6634,0.8702777777777777,0,0,Groupe Tera SACA,,Crolles,Groupe Seb,Consumer Electronics & Appliances,,"('groupe seb', 'groupe tera saca')"
25702,13172,0.9052631578947368,0,0,BAIC Motor Corp Ltd,,Beijing,BAIC Motor,,,"('baic motor', 'baic motor corp ltd')"
26755,11125,0.8666666666666666,0,0,Amadeus Fire AG,,Frankfurt am Main,Amadeus Careers,Information Technology & Services,Madrid,"('amadeus careers', 'amadeus fire ag')"
26786,21707,0.90625,0,0,Borussia Dortmund GmbH & Co KGaA,,Dortmund,Borussia Dortmund,['Football'],,"('borussia dortmund', 'borussia dortmund gmbh & co kgaa')"
26787,12649,0.8474999999999999,0,0,Heidelberg Pharma AG,,Ladenburg,HeidelbergCement,,,"('heidelberg pharma ag', 'heidelbergcement')"
26787,15113,0.8474999999999999,0,0,Heidelberg Pharma AG,,Ladenburg,HeidelbergCement,Industrials,,"('heidelberg pharma ag', 'heidelbergcement')"
26787,24657,0.8474999999999999,0,0,Heidelberg Pharma AG,,Ladenburg,HeidelbergCement,,,"('heidelberg pharma ag', 'heidelbergcement')"
27541,21256,0.8558823529411764,0,0,Grindrod Ltd,,Durban,Grindrod Shipping,"['Transportation', 'Maritime transportation']",,"('grindrod ltd', 'grindrod shipping')"
29184,23270,0.89,0,0,Interroll Holding AG,,Sant'Antonino,Interroll,['Manufacturing'],,"('interroll', 'interroll holding ag')"
29700,10087,0.8858823529411766,0,0,Firefly AB,,Stockholm,Firefly Aerospace,Other,Cedar Park,"('firefly ab', 'firefly aerospace')"
29795,21978,0.9,0,0,Merus N.V.,,Utrecht,Merus,"['Biotech', 'Pharmaceuticals']",,"('merus', 'merus n.v.')"
30022,9809,0.8382558617852736,0,0,Kothari Petrochemicals Ltd,,Chennai,Kothari Medical Centre,Healthcare,,"('kothari medical centre', 'kothari petrochemicals ltd')"
30022,9846,0.8382558617852736,0,0,Kothari Petrochemicals Ltd,,Chennai,Kothari Medical Centre,Healthcare,,"('kothari medical centre', 'kothari petrochemicals ltd')"
30137,23332,0.8833333333333334,0,0,1&1 AG,,Maintal,1&1,"['Telecommunication', 'Internet']",,"('1&1', '1&1 ag')"
30285,2718,0.8754838709677419,0,0,TELUS International (Cda) Inc.,,Vancouver,TELUS International Philippines,IT Services & Consulting,,"('telus international (cda) inc.', 'telus international philippines')"
30336,8468,0.843939393939394,0,0,Atlas Corp.,,Vancouver,Atlas Cycles,Automobile,,"('atlas corp.', 'atlas cycles')"
30336,8526,0.843939393939394,0,0,Atlas Corp.,,Vancouver,Atlas Cycles,Automobile,,"('atlas corp.', 'atlas cycles')"
30356,19688,0.8793650793650793,0,0,Killam Apartment Real Estate Investment Trust,,Halifax,Killam Apartment Reit,"['REITs', 'Real estate', 'Investment']",,"('killam apartment real estate investment trust', 'killam apartment reit')"
30795,22212,0.8611832611832613,0,0,"Graphite One, Inc.",,Vancouver,Graphite India,,,"('graphite india', 'graphite one, inc.')"
30887,4819,0.8612745098039215,0,0,Mayfair Gold Corp,,Matheson,Mayfair Hotels & Resorts,Hospitality,,"('mayfair gold corp', 'mayfair hotels & resorts')"
31107,20459,0.8844444444444444,0,0,Sphere 3D Corp.,,Toronto,Sphere 3d,"['Software', 'Tech']",,"('sphere 3d', 'sphere 3d corp.')"
31154,15405,0.878997975708502,0,0,Golden Star Resources Ltd.,,Toronto,Golden Star Ferries,Industrials,,"('golden star ferries', 'golden star resources ltd.')"
31519,13810,0.8718954248366013,0,0,Advantech Co. Ltd,,Taipei,Advantest,,,"('advantech co. ltd', 'advantest')"
32529,19000,0.89,0,0,Straumann Holding AG,,Basel,Straumann,['Medical devices'],,"('straumann', 'straumann holding ag')"
32600,15502,0.87,0,0,Olympus Corp,,Tokyo,Olympus Airways,Consumer services,,"('olympus airways', 'olympus corp')"
32630,680,0.9,0,0,DENSO Corp,,Kariya,DENSO,Auto Components,,"('denso', 'denso corp')"
32631,8419,0.8761363636363637,0,0,Hitachi Ltd,,Tokyo,Hitachi MGRM Net,IT Services & Consulting,,"('hitachi ltd', 'hitachi mgrm net')"
33593,12175,0.888888888888889,0,0,KDDI Corp,,Tokyo,KDDI,,,"('kddi', 'kddi corp')"
33593,24185,0.888888888888889,0,0,KDDI Corp,,Tokyo,KDDI,,,"('kddi', 'kddi corp')"
33895,13725,0.9,0,0,"Arca Continental, S.A.B. de C.V.",,Monterrey,Arca Continental,,,"('arca continental', 'arca continental, s.a.b. de c.v.')"
33895,19150,0.9,0,0,"Arca Continental, S.A.B. de C.V.",,Monterrey,Arca Continental,['Beverages'],,"('arca continental', 'arca continental, s.a.b. de c.v.')"
33983,25653,0.8677612242829634,0,0,China Railway Group Ltd,,Kowloon,China Railway Hi-tech Industry Corp Ltd,,Beijing,"('china railway group ltd', 'china railway hi-tech industry corp ltd')"
34198,5607,0.8632478632478632,0,0,Japfa Ltd,,Singapore,Japfa Comfeed,Agriculture,,"('japfa comfeed', 'japfa ltd')"
34413,2098,0.8445098039215686,0,0,Sapphire Corp Ltd,,Singapore,Sapphire Foods India,Retail,,"('sapphire corp ltd', 'sapphire foods india')"
34413,2100,0.8445098039215686,0,0,Sapphire Corp Ltd,,Singapore,Sapphire Foods India,Retail,,"('sapphire corp ltd', 'sapphire foods india')"
35824,13485,0.904,0,0,Franco-Nevada Corporation,,Toronto,Franco-Nevada,,,"('franco-nevada', 'franco-nevada corporation')"
35824,18779,0.8806153846153846,0,0,Franco-Nevada Corporation,,Toronto,Franco-nevada,"['Mining', 'Investment', 'Gold mining']",,"('franco-nevada', 'franco-nevada corporation')"
35877,3487,0.8881372549019607,0,0,The Phoenix Holdings Ltd,,Givatayim,The Phoenix Mills,Real Estate,,"('the phoenix holdings ltd', 'the phoenix mills')"
35911,868,0.8941176470588236,0,0,FLSmidth & Co A-S,,Valby,FLSmidth,Industrial Machinery,,"('flsmidth', 'flsmidth & co a-s')"
35911,14597,0.8941176470588236,0,0,FLSmidth & Co A-S,,Valby,FLSmidth,Industrials,,"('flsmidth', 'flsmidth & co a-s')"
36314,14304,0.8426470588235294,0,0,UniCredit S.p.A.,,Milan,UniCredit Bulbank,Financials,,"('unicredit bulbank', 'unicredit s.p.a.')"
36396,15635,0.8533333333333333,0,0,Thales SA,,Courbevoie,ThalesNano,Industrials,,"('thales sa', 'thalesnano')"
36593,10098,0.8533333333333333,0,0,Hypera SA,,Sao Paulo,Hyperchain,Fintech,Hangzhou,"('hypera sa', 'hyperchain')"
37314,23358,0.8509615384615385,0,0,Netlinkz Limited,,Darlinghurst,Netlink Trust,['Telecommunication'],,"('netlink trust', 'netlinkz limited')"
37632,12226,0.9052631578947368,0,0,Telefónica Chile SA,,Santiago,Telefónica,,,"('telefónica', 'telefónica chile sa')"
37632,16831,0.9052631578947368,0,0,Telefónica Chile SA,,Santiago,Telefónica,Telecommunications,,"('telefónica', 'telefónica chile sa')"
37632,18921,0.9052631578947368,0,0,Telefónica Chile SA,,Santiago,Telefónica,['Telecommunication'],,"('telefónica', 'telefónica chile sa')"
37632,24236,0.9052631578947368,0,0,Telefónica Chile SA,,Santiago,Telefónica,,,"('telefónica', 'telefónica chile sa')"
37912,30699,0.8735042735042735,0,0,Liberty Global plc,,London,Liberty Gold Corp.,,Vancouver,"('liberty global plc', 'liberty gold corp.')"
38386,7400,0.8509803921568627,0,0,Premier Oil plc,,London,Premier Plasmotec,Petrochemicals,,"('premier oil plc', 'premier plasmotec')"
40069,23188,0.8743296703296703,0,0,Silicon Laboratories Inc.,,Austin,Silicon Motion,"['Semiconductors', 'Tech', 'Tech Hardware']",,"('silicon laboratories inc.', 'silicon motion')"
40551,22219,0.8882352941176471,0,0,Bangkok Airways Public Company Ltd,,Bangkok,Bangkok Airways,"['Airlines', 'Travel', 'Transportation']",,"('bangkok airways', 'bangkok airways public company ltd')"
40911,13883,0.9025641025641026,0,0,Airports of Thailand Public Company Ltd,,Bangkok,Airports of Thailand,,,"('airports of thailand', 'airports of thailand public company ltd')"
40911,18725,0.8874358974358976,0,0,Airports of Thailand Public Company Ltd,,Bangkok,Airports Of Thailand,"['Airports', 'Infrastructure']",,"('airports of thailand', 'airports of thailand public company ltd')"
41069,25221,0.87,0,0,Razorpay,Technology,,Razor Labs,,Tel Aviv,"('razor labs', 'razorpay')"
41125,17635,0.8669841269841271,0,0,Top Reform,Construction,,Top Ramen,Instant Noodles,,"('top ramen', 'top reform')"
41520,23728,0.888548951048951,0,0,Sprout Solutions,Technology,,Sprout Social,"['Software', 'Tech']",,"('sprout social', 'sprout solutions')"
41688,5958,0.8533333333333333,0,0,Rexceed,Construction,,Rexel,Electrical Equipment,,"('rexceed', 'rexel')"
41688,13565,0.8533333333333333,0,0,Rexceed,Construction,,Rexel,,,"('rexceed', 'rexel')"
41688,14940,0.8533333333333333,0,0,Rexceed,Construction,,Rexel,Industrials,,"('rexceed', 'rexel')"
41735,8774,0.9,0,0,AMPLUS,Technology,,AMPLUS SOLAR,Internet,,"('amplus', 'amplus solar')"
41766,15552,0.8722222222222222,0,0,Titan Art,Advertising,,Titan Cement,Industrials,,"('titan art', 'titan cement')"
41912,37009,0.8933333333333334,0,0,MoneyMe,Fintech,,MoneyMe Limited,,Sydney,"('moneyme', 'moneyme limited')"
41973,12501,0.8533333333333333,0,0,FirstPhone,Retail,,FirstRand,,,"('firstphone', 'firstrand')"
41973,24509,0.8533333333333333,0,0,FirstPhone,Retail,,FirstRand,,,"('firstphone', 'firstrand')"
42090,23985,0.87,0,0,Applifting,Technology,,Applovin,"['Software', 'Tech']",,"('applifting', 'applovin')"
42477,12501,0.8533333333333333,0,0,FirstPhone,Retail,,FirstRand,,,"('firstphone', 'firstrand')"
42477,24509,0.8533333333333333,0,0,FirstPhone,Retail,,FirstRand,,,"('firstphone', 'firstrand')"
42492,31519,0.8718954248366013,0,0,Advantest,Industrial Goods,,Advantech Co. Ltd,,Taipei,"('advantech co. ltd', 'advantest')"
42637,4877,0.8714932126696833,0,0,Connect Group,Travel & Leisure,,Connect Broadband,Telecom,,"('connect broadband', 'connect group')"
42677,17635,0.8669841269841271,0,0,Top Reform,Architecture,,Top Ramen,Instant Noodles,,"('top ramen', 'top reform')"
42711,447,0.8222222222222222,0,0,SGR,Pharmaceuticals,,SGS,Facility Management Services,,"('sgr', 'sgs')"
42711,13495,0.8222222222222222,0,0,SGR,Pharmaceuticals,,SGS,,,"('sgr', 'sgs')"
42771,2765,0.8685314685314686,0,0,Lending Works,Fintech,,LendingKart,FinTech,,"('lending works', 'lendingkart')"
42816,4017,0.86,0,0,Fashion Commerce,Ecommerce,,Fashion TV,Broadcasting,,"('fashion commerce', 'fashion tv')"
42816,4023,0.86,0,0,Fashion Commerce,Ecommerce,,Fashion TV,Broadcasting,,"('fashion commerce', 'fashion tv')"
43101,16560,0.8678571428571429,0,0,Imprecom,Construction,,Impresa,Consumer services,,"('imprecom', 'impresa')"
43136,20655,0.87,0,0,Genius Progetti,Support Services,,Genius Group,['Education'],,"('genius group', 'genius progetti')"
43284,10324,0.8933333333333334,0,0,Insidemarketing,Technology,,Insider,Internet software & services,Istanbul,"('insidemarketing', 'insider')"
43418,26734,0.853968253968254,0,0,Lottoland,Games industry,,Lotto24,,Hamburg,"('lotto24', 'lottoland')"
43550,27389,0.8666666666666667,0,0,Codete,Technology,,"Codere, SA",,Alcobendas,"('codere, sa', 'codete')"
43599,8326,0.8714285714285714,0,0,Synapsy,Advertising,,SynapseIndia,IT Services & Consulting,,"('synapseindia', 'synapsy')"
43599,8374,0.8714285714285714,0,0,Synapsy,Advertising,,SynapseIndia,IT Services & Consulting,,"('synapseindia', 'synapsy')"
43667,20537,0.8564102564102564,0,0,Intellienergy,Industrial Goods,,Intellicheck,"['Software', 'Tech']",,"('intellicheck', 'intellienergy')"
43727,11716,0.8777777777777778,0,0,Dealernet,Automobiles,,DealerOn Careers,Marketing & Advertising,Rockville,"('dealernet', 'dealeron careers')"
44097,20655,0.87,0,0,Genius Progetti,Sales & Marketing,,Genius Group,['Education'],,"('genius group', 'genius progetti')"
44253,16185,0.875,0,0,Citadelo,Cyber Security,,Citadele Banka,Financials,,"('citadele banka', 'citadelo')"
44425,4319,0.8487299465240642,0,0,Schott Packaging,Ecommerce,,Schott Poonawalla,Packaging,,"('schott packaging', 'schott poonawalla')"
44799,7900,0.85,0,0,Infogene,Management Consulting,,Infojini,IT Services & Consulting,,"('infogene', 'infojini')"
44895,25111,0.8933333333333334,0,0,Capelli For You,Beauty,,Capelli,,Champagne-au-Mont-d'Or,"('capelli', 'capelli for you')"
44967,16744,0.8483333333333334,0,0,Cepo,Industrial Goods,,Cepsa,Oil & gas,,"('cepo', 'cepsa')"
44994,34575,0.8822344322344322,0,0,Pavillon noir,Media,,Pavillon Holdings Ltd,,Singapore,"('pavillon holdings ltd', 'pavillon noir')"
45032,9928,0.8666666666666666,0,0,Northwave,Cyber Security,,Northvolt,Other,Stockholm,"('northvolt', 'northwave')"
45398,38029,0.8722222222222222,0,0,Energetic,Energy,,Energean plc,,London,"('energean plc', 'energetic')"
45432,4017,0.86,0,0,Fashion Commerce,Ecommerce,,Fashion TV,Broadcasting,,"('fashion commerce', 'fashion tv')"
45432,4023,0.86,0,0,Fashion Commerce,Ecommerce,,Fashion TV,Broadcasting,,"('fashion commerce', 'fashion tv')"
45460,5922,0.8718954248366013,0,0,Celeritas,Transport,,Celebrity Cruises,Travel & Tourism,,"('celebrity cruises', 'celeritas')"
45531,16560,0.8678571428571429,0,0,Imprecom,Construction,,Impresa,Consumer services,,"('imprecom', 'impresa')"
45540,1284,0.8533333333333333,0,0,Cream Team,Beauty,,Creambell,FMCG,,"('cream team', 'creambell')"
45629,20103,0.8678571428571429,0,0,Neovaude,Sales & Marketing,,Neovasc,['Medical devices'],,"('neovasc', 'neovaude')"
45635,13358,0.8476190476190476,0,0,Sofidys,Technology,,Sofina,,,"('sofidys', 'sofina')"
45635,14208,0.8476190476190476,0,0,Sofidys,Technology,,Sofina,Financials,,"('sofidys', 'sofina')"
45760,9928,0.8666666666666666,0,0,Northwave,Cyber Security,,Northvolt,Other,Stockholm,"('northvolt', 'northwave')"
46292,13927,0.8642857142857142,0,0,Electrolux Italia Spa,Manufacturing,PORDENONE,Electrolux Group,,,"('electrolux group', 'electrolux italia spa')"
46400,16135,0.9,0,0,Smeg Spa,Manufacturing,REGGIO EMILIA,Smeg,Consumer goods,,"('smeg', 'smeg spa')"
46418,34606,0.8744152399324813,0,0,Alliance Healthcare Italia Distribuzione Spa,Wholesale Trade,GENOVA,Alliance Healthcare Group Ltd,,Singapore,"('alliance healthcare group ltd', 'alliance healthcare italia distribuzione spa')"
46461,45395,0.86,0,0,Sace Spa,"Finance, Insurance, and Real Estate",ROMA,Sacee,Support Services,,"('sace spa', 'sacee')"
46548,32722,0.8619818511796734,0,0,Nippon Express Italia Spa,"Transportation, Communications, Electric, Gas, and Sanitary Services",FIRENZE,"Nippon Express Holdings, Inc.",,Tokyo,"('nippon express holdings, inc.', 'nippon express italia spa')"
46552,15808,0.89,0,0,Autogrill Italia Spa,Retail Trade,NOVARA,Autogrill,Consumer services,,"('autogrill', 'autogrill italia spa')"
46587,18398,0.9047619047619048,0,0,Bnp Paribas 3 Step It,Services,MILANO,Bnp Paribas,"['Banks', 'Financial services', 'CAC 40']",,"('bnp paribas', 'bnp paribas 3 step it')"
46659,1589,0.8584615384615384,0,0,Nomura Co Ltd,Construction,,Nomura Holdings,Investment Banking / Venture Capital / Private Equity,,"('nomura co ltd', 'nomura holdings')"
46693,34935,0.8495238095238096,0,0,PT Bumi Resources Tbk,Metals and Mining,,PT Bumi Serpong Damai Tbk,,Tangerang,"('pt bumi resources tbk', 'pt bumi serpong damai tbk')"
46861,10098,0.8533333333333333,0,0,Hypera SA,Pharmaceuticals and Healthcare,,Hyperchain,Fintech,Hangzhou,"('hypera sa', 'hyperchain')"
47050,38185,0.8955052790346908,0,0,CMC Materials Inc,Technology and Communications,,CMC Markets plc,,London,"('cmc markets plc', 'cmc materials inc')"
47215,22731,0.87,0,0,Siam City Cement Public Co Ltd,Construction,,Siam City Cement (insee),"['Cement', 'Building materials']",,"('siam city cement (insee)', 'siam city cement public co ltd')"
47525,4845,0.8757352941176471,0,0,Dalmia Bharat Ltd,Construction,,Dalmia Bharat Sugar & Industries,Food Processing,,"('dalmia bharat ltd', 'dalmia bharat sugar & industries')"
47591,9263,0.8611111111111112,0,0,Sterling Infrastructure Inc,Construction,,Sterling Infosystems,IT Services & Consulting,,"('sterling infosystems', 'sterling infrastructure inc')"
47640,41,0.8805194805194805,0,0,MphasiS Ltd,Technology and Communications,,Mphasis,IT Services & Consulting,,"('mphasis', 'mphasis ltd')"
47640,42811,0.8805194805194805,0,0,MphasiS Ltd,Technology and Communications,,Mphasis,Technology,,"('mphasis', 'mphasis ltd')"
47850,21876,0.8933333333333334,0,0,Chico's FAS Inc,Retailing,,Chico's,"['Clothing', 'Retail']",,"(""chico's"", ""chico's fas inc"")"
48208,33217,0.8429824561403509,0,0,Seiko Group Corp,Consumer Packaged Goods,,Seiko Holdings Corp,,Tokyo,"('seiko group corp', 'seiko holdings corp')"
48228,36475,0.8672727272727273,0,0,HKScan Corp,Consumer Packaged Goods,,HKScan Oyj,,Turku,"('hkscan corp', 'hkscan oyj')"
48287,19000,0.89,0,0,Straumann Holding AG,Medical Equipment,,Straumann,['Medical devices'],,"('straumann', 'straumann holding ag')"
48811,27292,0.8285714285714286,0,0,China Zhongwang Holdings Ltd,Metals and Mining,,China Zheshang Bank Co. Ltd,,Hangzhou,"('china zheshang bank co. ltd', 'china zhongwang holdings ltd')"
48855,22914,0.89,0,0,Dormakaba Holding AG,Technology and Communications,,Dormakaba,['Security & Protection Services'],,"('dormakaba', 'dormakaba holding ag')"
49381,23162,0.87,0,0,Tri Pointe Homes Inc,Construction,,Tri Pointe Group,['Construction'],,"('tri pointe group', 'tri pointe homes inc')"
49425,13605,0.877039627039627,0,0,Oriental Energy Co Ltd,Energy and Utilities,,Oriental Land,,,"('oriental energy co ltd', 'oriental land')"
49425,18452,0.877039627039627,0,0,Oriental Energy Co Ltd,Energy and Utilities,,Oriental Land,"['Entertainment', 'Hotels', 'Travel']",,"('oriental energy co ltd', 'oriental land')"
49479,33983,0.8677612242829634,0,0,China Railway Hi-tech Industry Corp Ltd,Construction,,China Railway Group Ltd,,Kowloon,"('china railway group ltd', 'china railway hi-tech industry corp ltd')"
49800,13737,0.888888888888889,0,0,Pool Corp,Wholesale,,Pool,,,"('pool', 'pool corp')"
50036,14906,0.8362393162393162,0,0,Lagardere SCA,Media,,Lagardère Group,Consumer services,,"('lagardere sca', 'lagardère group')"
50340,15502,0.87,0,0,Olympus Corp,Medical Equipment,,Olympus Airways,Consumer services,,"('olympus airways', 'olympus corp')"
50399,3487,0.8881372549019607,0,0,The Phoenix Holdings Ltd,Financial Services,,The Phoenix Mills,Real Estate,,"('the phoenix holdings ltd', 'the phoenix mills')"
50667,16508,0.8833333333333334,0,0,PZU SA,Financial Services,,PZU,Financials,,"('pzu', 'pzu sa')"
50674,30699,0.8735042735042735,0,0,Liberty Global plc,Technology and Communications,,Liberty Gold Corp.,,Vancouver,"('liberty global plc', 'liberty gold corp.')"
50800,5732,0.8929292929292929,0,0,Samsung SDI Co Ltd,Technology and Communications,,Samsung SDS,Consumer Electronics & Appliances,,"('samsung sdi co ltd', 'samsung sds')"
50800,13925,0.8929292929292929,0,0,Samsung SDI Co Ltd,Technology and Communications,,Samsung SDS,,,"('samsung sdi co ltd', 'samsung sds')"
50924,9632,0.9023931623931624,0,0,Global Partners LP,Energy and Utilities,,Global Payments,FinTech,,"('global partners lp', 'global payments')"
50924,12724,0.9023931623931624,0,0,Global Partners LP,Energy and Utilities,,Global Payments,,,"('global partners lp', 'global payments')"
50924,18773,0.9023931623931624,0,0,Global Partners LP,Energy and Utilities,,Global Payments,"['Financial services', 'Tech']",,"('global partners lp', 'global payments')"
50924,24732,0.9023931623931624,0,0,Global Partners LP,Energy and Utilities,,Global Payments,,,"('global partners lp', 'global payments')"
51093,5161,0.8875,0,0,Telstra Corp Ltd,Technology and Communications,,Telstra,Telecom,,"('telstra', 'telstra corp ltd')"
51093,12626,0.8875,0,0,Telstra Corp Ltd,Technology and Communications,,Telstra,,,"('telstra', 'telstra corp ltd')"
51093,17357,0.8875,0,0,Telstra Corp Ltd,Technology and Communications,,Telstra,Mobile Service Provider,,"('telstra', 'telstra corp ltd')"
51093,18647,0.8875,0,0,Telstra Corp Ltd,Technology and Communications,,Telstra,['Telecommunication'],,"('telstra', 'telstra corp ltd')"
51093,24634,0.8875,0,0,Telstra Corp Ltd,Technology and Communications,,Telstra,,,"('telstra', 'telstra corp ltd')"
51188,15000,0.8880952380952382,0,0,Bechtel Corp,Construction,,Bechtle,Technology,,"('bechtel corp', 'bechtle')"
51221,539,0.9,1,0,NTPC Ltd,Power,,NTPC,Power,,"('ntpc', 'ntpc ltd')"
51221,12514,0.9,0,0,NTPC Ltd,Power,,NTPC,,,"('ntpc', 'ntpc ltd')"
51221,24522,0.9,0,0,NTPC Ltd,Power,,NTPC,,,"('ntpc', 'ntpc ltd')"
51271,15635,0.8533333333333333,0,0,Thales SA,Aerospace and Defense,,ThalesNano,Industrials,,"('thales sa', 'thalesnano')"
51398,13082,0.8962962962962963,0,0,C.H. Robinson Worldwide Inc,Transport and Logistics,,C.H. Robinson,,,"('c.h. robinson', 'c.h. robinson worldwide inc')"
51671,12417,0.8777777777777778,0,0,OMV AG,Energy and Utilities,,OMV Group,,,"('omv ag', 'omv group')"
51671,24427,0.8777777777777778,0,0,OMV AG,Energy and Utilities,,OMV Group,,,"('omv ag', 'omv group')"
51719,12175,0.888888888888889,0,0,KDDI Corp,Technology and Communications,,KDDI,,,"('kddi', 'kddi corp')"
51719,24185,0.888888888888889,0,0,KDDI Corp,Technology and Communications,,KDDI,,,"('kddi', 'kddi corp')"
51723,12294,0.9,0,0,Denso Corp,Automotive,,Denso,,,"('denso', 'denso corp')"
51723,18599,0.9,0,0,Denso Corp,Automotive,,Denso,"['Automotive Suppliers', 'Manufacturing']",,"('denso', 'denso corp')"
51723,24304,0.9,0,0,Denso Corp,Automotive,,Denso,,,"('denso', 'denso corp')"
51751,43168,0.8459157088122606,0,0,Compagnie de Saint-Gobain,Construction,,Compagnie de L’arc Atlantique,Financial Services,,"('compagnie de l’arc atlantique', 'compagnie de saint-gobain')"
51880,8419,0.8761363636363637,0,0,Hitachi Ltd,Technology and Communications,,Hitachi MGRM Net,IT Services & Consulting,,"('hitachi ltd', 'hitachi mgrm net')"
51915,12110,0.9,0,0,Rosneft Oil Co,Energy and Utilities,,Rosneft,,,"('rosneft', 'rosneft oil co')"
51915,18403,0.9,0,0,Rosneft Oil Co,Energy and Utilities,,Rosneft,"['Oil&Gas', 'Energy']",,"('rosneft', 'rosneft oil co')"
51915,24120,0.9,0,0,Rosneft Oil Co,Energy and Utilities,,Rosneft,,,"('rosneft', 'rosneft oil co')"
51947,25653,0.8677612242829634,0,0,China Railway Group Ltd,Construction,,China Railway Hi-tech Industry Corp Ltd,,Beijing,"('china railway group ltd', 'china railway hi-tech industry corp ltd')"
51947,49479,0.8677612242829634,1,0,China Railway Group Ltd,Construction,,China Railway Hi-tech Industry Corp Ltd,Construction,,"('china railway group ltd', 'china railway hi-tech industry corp ltd')"
57557,5953,0.8723956043956045,0,0,GREEN PARK RENOVATIONS LTD,41100 - Development of building projects,,GREEN POWER INTERNATIONAL,Oil & Gas,,"('green park renovations ltd', 'green power international')"
59175,46587,0.9047619047619048,0,0,Bnp Paribas,"['Financial Services', 'Banking Services', 'Asset Management', 'Wealth Management', 'Mortgage']",Paris,Bnp Paribas 3 Step It,Services,MILANO,"('bnp paribas', 'bnp paribas 3 step it')"
59195,17453,0.890909090909091,0,0,Midea Group,"['Technology', 'Electrical Products', 'Refrigerators', 'Electronics', 'Home Furnishing']",Beijing,Midea,White Goods,,"('midea', 'midea group')"
59195,18458,0.890909090909091,0,0,Midea Group,"['Technology', 'Electrical Products', 'Refrigerators', 'Electronics', 'Home Furnishing']",Beijing,Midea,"['Home & Kitchen Appliances', 'Manufacturing']",,"('midea', 'midea group')"
59210,50689,0.896,0,0,Reliance Jio,"['Telecom', 'Mobile Services', 'Internet Providers']",,Reliance Jio Infocomm Ltd,Technology and Communications,,"('reliance jio', 'reliance jio infocomm ltd')"
59277,12271,0.8956521739130435,0,0,Progressive Corporation,"['Financial Services', 'Insurance']",Ohio,Progressive,,,"('progressive', 'progressive corporation')"
59277,18296,0.8956521739130435,0,0,Progressive Corporation,"['Financial Services', 'Insurance']",Ohio,Progressive,['Insurance'],,"('progressive', 'progressive corporation')"
59277,24281,0.8956521739130435,0,0,Progressive Corporation,"['Financial Services', 'Insurance']",Ohio,Progressive,,,"('progressive', 'progressive corporation')"
59386,49425,0.877039627039627,0,0,Oriental Land,"['Consumer Cyclical', 'Travel and Transport', 'Tourism', 'Entertainment', 'Leisure']",,Oriental Energy Co Ltd,Energy and Utilities,,"('oriental energy co ltd', 'oriental land')"
59474,22476,0.9023931623931624,0,0,Global Payments,"['Industries', 'Digital Payment Solution Services', 'Software and IT', 'Software Products', 'Business Services']",Georgia,Global Partners Lp,"['Oil&Gas', 'Energy']",,"('global partners lp', 'global payments')"
59474,50924,0.9023931623931624,0,0,Global Payments,"['Industries', 'Digital Payment Solution Services', 'Software and IT', 'Software Products', 'Business Services']",Georgia,Global Partners LP,Energy and Utilities,,"('global partners lp', 'global payments')"
59561,16458,0.8678571428571429,0,0,Ericsson,"['Technology', 'Technology Hardware and Instruments', 'Networking Products / Solutions', 'Network Hardware and Software', 'Security Systems and Solutions', 'Cloud Services', 'Internet of Things', 'Mobiles', 'Software and IT', 'Mobiles & Accessories', 'Communications Equipment']",Stockholm,Ericpol,Technology,,"('ericpol', 'ericsson')"
59628,11956,0.8933333333333334,0,0,Cummins,"['Industries', 'Engineering Products', 'Electrical Products', 'Engines Manufacturing', 'Machinery Manufacturing', 'Energy', 'Manufacturing', 'Industry Machinery']",Indiana,Cummins Careers,Automotive,Columbus,"('cummins', 'cummins careers')"
59663,10308,0.8666666666666666,0,0,Copart,"['Industries', 'Automobile Parts', 'eCommerce', 'Automobile', 'Consumer Durables', 'Business Services']",Texas,Copado,Data management & analytics,Chicago,"('copado', 'copart')"
59677,19000,0.89,0,0,Straumann Holding Ag,"['Healthcare', 'Pharmaceutical', 'Medical Equipment', 'HealthCare Products']",,Straumann,['Medical devices'],,"('straumann', 'straumann holding ag')"
59683,11320,0.8933333333333334,0,0,Twitter,"['Communication Services', 'Software and IT', 'Software Products', 'Technology', 'Internet or Mobile App Based Business', 'Advertising', 'Media', 'Social Media', 'Artificial Intelligence']",California,Twitter Careers,Internet,San Francisco,"('twitter', 'twitter careers')"
59702,46104,0.859963768115942,0,0,Bridgestone Corporation,"['Consumer Cyclical', 'Automobile', 'Automobile Parts', 'Tyres']",Tokyo,Bridgestone Europe Nv Sa,Manufacturing,MONZA E BRIANZA,"('bridgestone corporation', 'bridgestone europe nv sa')"
59826,40911,0.8874358974358976,0,0,Airports Of Thailand,"['Industries', 'Airports Operating', 'Infrastructure']",,Airports of Thailand Public Company Ltd,,Bangkok,"('airports of thailand', 'airports of thailand public company ltd')"
59886,18779,0.904,0,0,Franco-nevada Corporation,"['Basic Materials', 'Mining', 'Gold Mining', 'Precious Metals', 'Metals']",Toronto,Franco-nevada,"['Mining', 'Investment', 'Gold mining']",,"('franco-nevada', 'franco-nevada corporation')"
59992,2996,0.8685314685314686,0,0,Tata Motors,"['Consumer Cyclical', 'Automobile', 'Automobile Parts', 'Construction Equipment', 'Cars', 'Sports Vehicles', 'Bus Manufacturing', 'Commercial Vehicles', 'Manufacturing', 'Trucks', 'Passenger Vehicles', 'Electric Vehicles']",Mumbai,Tata Metaliks,Iron & Steel,,"('tata metaliks', 'tata motors')"
59992,2999,0.8685314685314686,0,0,Tata Motors,"['Consumer Cyclical', 'Automobile', 'Automobile Parts', 'Construction Equipment', 'Cars', 'Sports Vehicles', 'Bus Manufacturing', 'Commercial Vehicles', 'Manufacturing', 'Trucks', 'Passenger Vehicles', 'Electric Vehicles']",Mumbai,Tata Metaliks,Iron & Steel,,"('tata metaliks', 'tata motors')"
60006,19149,0.9,0,0,Tradeweb Markets,"['Financial Services', 'Stock Markets, Trading, Capital Markets', 'Trading']",New York,Tradeweb,['Financial services'],,"('tradeweb', 'tradeweb markets')"
60239,3022,0.8933333333333334,0,0,Vedanta,"['Basic Materials', 'Mining', 'Iron and Steel', 'Metals', 'Zinc', 'Aluminum']",Mumbai,Vedant Fashions,Fashion & Textile,,"('vedant fashions', 'vedanta')"
60239,3035,0.8933333333333334,0,0,Vedanta,"['Basic Materials', 'Mining', 'Iron and Steel', 'Metals', 'Zinc', 'Aluminum']",Mumbai,Vedant Fashions,Fashion & Textile,,"('vedant fashions', 'vedanta')"
60492,46659,0.8584615384615384,0,0,Nomura Holdings,"['Financial Services', 'Asset Management', 'Investments', 'Securities', 'Banking Services', 'Stock Markets, Trading, Capital Markets']",Tokyo,Nomura Co Ltd,Construction,,"('nomura co ltd', 'nomura holdings')"
60764,48811,0.8285714285714286,0,0,China Zheshang Bank Co. Ltd,"['Financial Services', 'Banking Services', 'Credit Cards', 'Mortgage']",,China Zhongwang Holdings Ltd,Metals and Mining,,"('china zheshang bank co. ltd', 'china zhongwang holdings ltd')"
60782,33895,0.9,0,0,Arca Continental,"['Consumer Defensive', 'Beverages', 'Non-Alcoholic Beverages']",,"Arca Continental, S.A.B. de C.V.",,Monterrey,"('arca continental', 'arca continental, s.a.b. de c.v.')"
60814,19316,0.9,0,0,China Gas Holdings,"['Utilities', 'Gas Utilities', 'Oil and Gas']",,China Gas,"['Oil&Gas', 'Energy']",,"('china gas', 'china gas holdings')"
61254,25876,0.8460168447684677,0,1,Shanghai Jin Jiang International Hotels Development,"['Consumer Cyclical', 'Hotels', 'Restaurants']",Shanghai,Shanghai Jin Jiang Capital Company Ltd,,Shanghai,"('shanghai jin jiang capital company ltd', 'shanghai jin jiang international hotels development')"
61303,47640,0.8805194805194805,0,0,Mphasis,"['Technology', 'Software and IT', 'Software Products']",Bangalore,MphasiS Ltd,Technology and Communications,,"('mphasis', 'mphasis ltd')"
61405,50770,0.8254182754182754,0,0,Brookfield Office Properties,"['Real Estate', 'Property Investments', 'Commercial Properties']",New York,Brookfield Infrastructure Partners LP,Construction,,"('brookfield infrastructure partners lp', 'brookfield office properties')"
61505,26775,0.8514285714285714,0,0,Sixt Se,"['Industries', 'Transportation', 'Rent / Lease Services']",,Sixt Leasing SE,,Pullach,"('sixt leasing se', 'sixt se')"
61579,50633,0.87,0,0,Bid Corporation,"['Consumer Defensive', 'Food Chains / Distributor', 'Food Service']",,Bid Corp Ltd,Wholesale,,"('bid corp ltd', 'bid corporation')"
61719,19407,0.890909090909091,0,0,Tecan Group,"['Healthcare', 'Medical Equipment']",,Tecan,,,"('tecan', 'tecan group')"
61751,13708,0.87,0,0,Bank Ozk,"['Financial Services', 'Banking Services']",Arkansas,Bank Pekao,,,"('bank ozk', 'bank pekao')"
61751,16439,0.87,0,0,Bank Ozk,"['Financial Services', 'Banking Services']",Arkansas,Bank Pekao,Financials,,"('bank ozk', 'bank pekao')"
61755,41688,0.8533333333333333,0,0,Rexel,"['Industries', 'Electrical Products']",,Rexceed,Construction,,"('rexceed', 'rexel')"
61782,13999,0.8833333333333333,0,0,Cadence Bancorporation,"['Financial Services', 'Banking Services']",Texas,Cadence Bank,,,"('cadence bancorporation', 'cadence bank')"
61782,47136,0.8833333333333333,0,0,Cadence Bancorporation,"['Financial Services', 'Banking Services']",Texas,Cadence Bank,Financial Services,,"('cadence bancorporation', 'cadence bank')"
61819,42109,0.8670634920634921,0,0,Valvoline,"['Energy', 'Chemicals', 'Oil and Gas']",Kentucky,Valvole Italia,Industrial Goods,,"('valvole italia', 'valvoline')"
61890,20842,0.8923076923076924,0,0,Bankia,"['Financial Services', 'Banking Services']",,Bankfinancial,"['Banks', 'Financial services']",,"('bankfinancial', 'bankia')"
62195,694,0.8584615384615384,0,0,Johnson Matthey,"['Basic Materials', 'Chemicals']",,Johnson Lifts,Industrial Machinery,,"('johnson lifts', 'johnson matthey')"
62197,16805,0.8727272727272728,0,0,Natura & Co,"['Cosmetics', 'FMCG']",,Natra,Conglomerates,,"('natra', 'natura & co')"
62316,11585,0.8933333333333334,0,0,Katerra,"['Construction', 'Infrastructure']",,Katerra Careers,Construction,Menlo Park,"('katerra', 'katerra careers')"
62399,10908,0.8714285714285714,0,0,Clicks Group,"['Healthcare', 'Pharmacy', 'Retail']",,ClickUp,Internet software & services,San Diego,"('clicks group', 'clickup')"
62540,23332,0.8833333333333334,0,0,1&1 Ag,"['Communication Services', 'Telecom', 'Internet Providers']",,1&1,"['Telecommunication', 'Internet']",,"('1&1', '1&1 ag')"
62691,11095,0.9058823529411764,0,0,Indigo Ag,Agriculture Related,,Indigo Ag Careers,Food & Beverages,Boston,"('indigo ag', 'indigo ag careers')"
63045,41520,0.888548951048951,0,0,Sprout Social,"['Technology', 'Software and IT', 'Software Products']",Illinois,Sprout Solutions,Technology,,"('sprout social', 'sprout solutions')"
63234,14906,0.8362393162393162,0,0,Lagardere Sca,"['Consumer Cyclical', 'Media', 'Broadcasting', 'Radio Broadcasting', 'Television Services', 'News Papers / Magazines', 'Retail', 'Conglomerate', 'Multi-Sector', 'Advertising', 'Entertainment', 'Travel and Transport']",Paris,Lagardère Group,Consumer services,,"('lagardere sca', 'lagardère group')"
63511,23270,0.89,0,0,Interroll Holding Ag,"['Industries', 'Industry Machinery']",,Interroll,['Manufacturing'],,"('interroll', 'interroll holding ag')"
63544,8468,0.843939393939394,0,0,Atlas Corp.,"['Financial Services', 'Asset Management']",,Atlas Cycles,Automobile,,"('atlas corp.', 'atlas cycles')"
63544,8526,0.843939393939394,0,0,Atlas Corp.,"['Financial Services', 'Asset Management']",,Atlas Cycles,Automobile,,"('atlas corp.', 'atlas cycles')"
63932,11506,0.8609545454545454,0,1,Empire State Realty Op,"['Real Estate', 'Property Investments']",New York,Empire State Bank Careers,Banking,New York,"('empire state bank careers', 'empire state realty op')"
63982,47800,0.9146753246753246,0,0,Countryside Properties,"['Consumer Cyclical', 'Construction']",,Countryside Partnerships Plc,Construction,,"('countryside partnerships plc', 'countryside properties')"
64015,19714,0.890909090909091,0,0,Uniti Group,"['Real Estate', 'Consumer Services', 'Property Investments']",Arkansas,Uniti,"['Real estate', 'REITs', 'Investment', 'Telecommunication', 'Infrastructure']",,"('uniti', 'uniti group')"
64144,46159,0.9,0,0,Sesa,"['Technology', 'Software and IT']",,Sesa Spa,Services,FIRENZE,"('sesa', 'sesa spa')"
64226,735,0.8487299465240642,0,0,Fortis Healthcare,"['Healthcare', 'Healthcare Service', 'Hospitals']",,Fortis Hospitals,Healthcare / Pharma,,"('fortis healthcare', 'fortis hospitals')"
64329,49381,0.87,0,0,Tri Pointe Group,"['Real Estate', 'Construction', 'Capital Goods']",California,Tri Pointe Homes Inc,Construction,,"('tri pointe group', 'tri pointe homes inc')"
64529,22914,0.89,0,0,Dormakaba Holding Ag,"['Industries', 'Tools and Equipment', 'Security Systems and Solutions', 'Engineering Products']",,Dormakaba,['Security & Protection Services'],,"('dormakaba', 'dormakaba holding ag')"
64655,21926,0.890909090909091,0,0,"Vimeo, Inc.","['Technology', 'Software and IT', 'Television Services']",New York,Vimeo,"['Internet', 'Tech']",,"('vimeo', 'vimeo, inc.')"
64701,8785,0.8366666666666667,0,0,Gsretail,"['Consumer Cyclical', 'Retail']",,Gsrtc,Urban Transport,,"('gsretail', 'gsrtc')"
64878,4932,0.9,0,0,Horiba,"['Technology', 'Technology Hardware and Instruments']",,Horiba India,,,"('horiba', 'horiba india')"
65176,45398,0.8722222222222222,0,0,Energean Plc,"['Energy', 'Oil and Gas']",,Energetic,Energy,,"('energean plc', 'energetic')"
65249,14259,0.85,0,0,Cargojet,"['Industries', 'Logistics', 'Freight Transport']",,Cargoair,Industrials,,"('cargoair', 'cargojet')"
65495,36749,0.8941666666666667,0,0,Viva Energy Reit,Real Estate,,Viva Energy Group Limited,,Docklands,"('viva energy group limited', 'viva energy reit')"
65612,37592,0.9,0,0,Megaport,"['Technology', 'Software and IT Infrastructure']",,Megaport Limited,,Fortitude Valley,"('megaport', 'megaport limited')"
65631,19688,0.8793650793650793,0,0,Killam Apartment Real Estate Investment Trust,"['Real Estate', 'Investments', 'Property Investments']",,Killam Apartment Reit,"['REITs', 'Real estate', 'Investment']",,"('killam apartment real estate investment trust', 'killam apartment reit')"
65755,20864,0.8571428571428571,0,0,Digital Garage,"['Technology', 'Software and IT']",,Digital Domain,['Entertainment'],,"('digital domain', 'digital garage')"
65867,46552,0.89,0,0,Autogrill,"['Consumer Cyclical', 'Restaurants']",,Autogrill Italia Spa,Retail Trade,NOVARA,"('autogrill', 'autogrill italia spa')"
65898,17481,0.8678571428571429,0,0,Biotest,"['Healthcare', 'Biotechnology']",,Biotherm,Skincare Product,,"('biotest', 'biotherm')"
66165,49508,0.876078431372549,0,0,Fuji Oil Holdings,"['Consumer Defensive', 'FMCG', 'Package Foods', 'Food Products']",,Fuji Oil Co Ltd,Energy and Utilities,,"('fuji oil co ltd', 'fuji oil holdings')"
66192,2551,0.8923076923076924,0,0,Kokuyo,"['Industries', 'Furniture', 'Pens & Stationery', 'Toys', 'Office Equipment']",,Kokuyo Camlin,FMCG,,"('kokuyo', 'kokuyo camlin')"
66192,20729,0.8923076923076924,0,0,Kokuyo,"['Industries', 'Furniture', 'Pens & Stationery', 'Toys', 'Office Equipment']",,Kokuyo Camlin,,,"('kokuyo', 'kokuyo camlin')"
66282,11440,0.8481203007518797,0,0,Figure Technologies,"['Technology', 'Software and IT']",,Figure Careers,Financial Services,San Francisco,"('figure careers', 'figure technologies')"
66412,3467,0.8514285714285714,0,0,Thomson Medical Group,"['Hospitals', 'Healthcare Service']",,Thomson Digital,Printing & Publishing,,"('thomson digital', 'thomson medical group')"
66776,64749,0.8495238095238096,0,0,Pt Bumi Serpong Damai Tbk,Real Estate,,Pt Bumi Resources Tbk,"['Energy', 'Coal Mining']",,"('pt bumi resources tbk', 'pt bumi serpong damai tbk')"
66819,15824,0.8678571428571429,0,0,Beneteau,"['Consumer Cyclical', 'Boats', 'Leisure']",,Benetti,Industrials,,"('beneteau', 'benetti')"
66862,51967,0.8558823529411764,0,0,Alphamab Oncology,"['Healthcare', 'Biotechnology']",,Alphabet Inc,Technology and Communications,,"('alphabet inc', 'alphamab oncology')"
66917,22410,0.9,0,0,Ci&t Inc,,,Ci&t,"['Software', 'Tech']",,"('ci&t', 'ci&t inc')"
67008,18896,0.8559294656077534,0,0,National Bank Holdings Corporation,"['Financial Services', 'Banking Services']",Colorado,National Bank Of Canada,"['Banks', 'Financial services']",,"('national bank holdings corporation', 'national bank of canada')"
67008,59814,0.8559294656077534,1,0,National Bank Holdings Corporation,"['Financial Services', 'Banking Services']",Colorado,National Bank Of Canada,"['Financial Services', 'Banking Services']",Montreal,"('national bank holdings corporation', 'national bank of canada')"
67090,25221,0.87,0,0,Razorpay,"['Digital Payment Solution Services', 'Software and IT', 'Technology']",Bangalore,Razor Labs,,Tel Aviv,"('razor labs', 'razorpay')"
67143,10171,0.8833333333333334,0,0,Dxy,,,Dxy.cn,Health,Hangzhou,"('dxy', 'dxy.cn')"
67222,22176,0.8769230769230769,0,0,Perfect Diary,,,Perfect Corp.,"['Software', 'Tech', 'Cosmetics and Beauty']",,"('perfect corp.', 'perfect diary')"
67240,32005,0.8508255933952529,0,0,Taimei Technology,,,"Taimide Tech., Inc.",,Hsinchu City,"('taimei technology', 'taimide tech., inc.')"
67546,26450,0.8133333333333334,0,0,El.en,"['Healthcare', 'Medical Equipment']",,El.En. SpA,,Epalinges,"('el.en', 'el.en. spa')"
67546,46632,0.9,0,0,El.en,"['Healthcare', 'Medical Equipment']",,El.en. Spa,Manufacturing,FIRENZE,"('el.en', 'el.en. spa')"
67559,20829,0.890909090909091,0,0,"Vroom, Inc.","['Retail', 'Automobile', 'Automobile Dealers']",California,Vroom,"['Used car retailer', 'Internet', 'Car retail']",,"('vroom', 'vroom, inc.')"
67559,67265,0.890909090909091,0,0,"Vroom, Inc.","['Retail', 'Automobile', 'Automobile Dealers']",California,Vroom,,,"('vroom', 'vroom, inc.')"
67566,30795,0.8611832611832613,0,0,Graphite India,"['Industries', 'Electrical Products', 'Capital Goods']",,"Graphite One, Inc.",,Vancouver,"('graphite india', 'graphite one, inc.')"
67849,5749,0.8873889268626111,0,0,Myoung Shin Industrial,"['Consumer Cyclical', 'Automobile Parts']",,Myoung Shin India Automotive,Auto Components,,"('myoung shin india automotive', 'myoung shin industrial')"
67994,29795,0.9,0,0,Merus,"['Healthcare', 'Biotechnology']",,Merus N.V.,,Utrecht,"('merus', 'merus n.v.')"
68070,21985,0.9066666666666666,0,0,Nhn Corporation,"['Communication Services', 'Gaming', 'Software and IT']",,Nhn Corp,"['Video games', 'Entertainment']",,"('nhn corp', 'nhn corporation')"
68229,33288,0.9,0,0,Raksul,"['Industries', 'Printing', 'Business Services']",,"Raksul, Inc.",,Tokyo,"('raksul', 'raksul, inc.')"
68489,11125,0.8666666666666666,0,0,Amadeus Fire Ag,"['Industries', 'Outsourcing and Staffing']",,Amadeus Careers,Information Technology & Services,Madrid,"('amadeus careers', 'amadeus fire ag')"
68659,41318,0.8238095238095238,0,0,Isracard,Financial Services,,Isprava,Construction,,"('isprava', 'isracard')"
68878,9381,0.8787878787878788,0,0,Andhra Bank,"['Financial Services', 'Banking Services']",,Andhra Paper,Pulp & Paper,,"('andhra bank', 'andhra paper')"
68902,3412,0.8383333333333334,0,0,Sundaram-clayton,"['Consumer Cyclical', 'Automobile', 'Automobile Parts', 'Metal Products Manufacturing']",,Sundaram Motors,Automobile,,"('sundaram motors', 'sundaram-clayton')"
69153,313,0.9066666666666666,0,0,Kalyan Jewellers India Limited,"['Luxury Goods', 'Retail', 'Jewellery']",,Kalyan Jewellers,Metals & Mining,,"('kalyan jewellers', 'kalyan jewellers india limited')"
69203,29255,0.8858823529411766,0,0,Svolder Ab (publ),"['Financial Services', 'Asset Management', 'Investments']",,Svolder AB,,Stockholm,"('svolder ab', 'svolder ab (publ)')"
69335,29274,0.8719298245614036,0,0,Collectors Universe,"['Industries', 'Business Services']",California,Collector AB,,Gothenburg,"('collector ab', 'collectors universe')"
69584,13112,0.8721621621621622,0,0,Shenzhen Minde Electronics Technology,"['Industries', 'Electronics']",,Shenzhen Mindray Bio-Medical Electronics,,,"('shenzhen minde electronics technology', 'shenzhen mindray bio-medical electronics')"
71301,57544,0.8846719457013574,0,0,DIGITAL LEDGER OU,,Tallinn,DIGITAL TRIO LTD,62020 - Information technology consultancy activities,,"('digital ledger ou', 'digital trio ltd')"
72686,5891,0.8718954248366013,0,0,INTERPOLIMERI SPA,,LIMENA,INTERPLEX,,,"('interplex', 'interpolimeri spa')"
74448,57544,0.8846719457013574,0,0,DIGITAL LEDGER OU,,Tallinn,DIGITAL TRIO LTD,62020 - Information technology consultancy activities,,"('digital ledger ou', 'digital trio ltd')"
75559,5891,0.8718954248366013,0,0,INTERPOLIMERI SPA,,LIMENA,INTERPLEX,,,"('interplex', 'interpolimeri spa')"
